NewLocationID,GMU,perc_forest,Elevation__10m2,H,elk_perday,lagomorphs_perday,moose_perday,whitetaileddeer_perday
GMU1_P_1,GMU1,0.673,1076,1.36574,0.049,0.114,0.016,0.065
GMU1_P_10,GMU1,0.99,1563,1.11496,0.114,0.065,0.033,0.033
GMU1_P_100,GMU1,1,1834,0.67196,0.031,0,0,0
GMU1_P_107,GMU1,0.649,712,0.559,0.364,0,0,1.766
GMU1_P_11,GMU1,0.56,654,0.30318,0.013,0,0,0.131
GMU1_P_12,GMU1,0.997,780,0,0,0,0,0
GMU1_P_126,GMU1,0.981,1341,1.18117,0.079,0,0.059,0.158
GMU1_P_13,GMU1,0.993,1470,1.16607,0,0.14,0.016,0
GMU1_P_14,GMU1,0.962,1678,1.27411,0.33,0.021,0.124,0.041
GMU1_P_152,GMU1,0.842,955,0.68889,0.123,0,0,0.148
GMU1_P_153,GMU1,0.917,1289,0.5964,0,0,0.04,0
GMU1_P_154,GMU1,0.954,1414,1.34211,0.222,0.04,0.061,0.04
GMU1_P_155,GMU1,0.892,735,0.28964,0,0.018,0,0.195
GMU1_P_156,GMU1,0.351,660,0.12046,0.014,0,0,0.525
GMU1_P_157,GMU1,1,1562,1.18664,0.014,0,0.168,0.112
GMU1_P_16,GMU1,0.987,799,0.44706,0,0.039,0.013,0.364
GMU1_P_160,GMU1,0.846,789,0.25211,0.027,0,0,0.362
GMU1_P_167,GMU1,0.983,1171,0.57823,0,0,0.018,0.035
GMU1_P_168,GMU1,0.945,1019,1.43245,0.094,0.027,0.013,0.067
GMU1_P_169,GMU1,1,1355,0.85406,0.018,0.566,0,0.053
GMU1_P_170,GMU1,0.504,716,0.12046,0,0,0.04,1.5
GMU1_P_173,GMU1,0.968,1688,0.3229,0,0,0.02,0
GMU1_P_175,GMU1,0.977,1324,0.93238,0.112,0,0.022,0.112
GMU1_P_18,GMU1,0.889,1550,1.33525,0.12,0.26,0.02,0.08
GMU1_P_181,GMU1,1,1391,0.62355,0.092,0.046,0,0.115
GMU1_P_19,GMU1,0.807,815,1.2156,0.052,0.156,0.039,0.169
GMU1_P_20,GMU1,0.92,1362,0.69548,0.018,0.389,0,1.363
GMU1_P_23,GMU1,0.995,851,0.72012,0.013,0.013,0.013,0.156
GMU1_P_26,GMU1,0.491,612,0.90434,0.088,0,0,0.549
GMU1_P_27,GMU1,0.756,799,0.67274,0.121,0,0,0.182
GMU1_P_28,GMU1,1,1369,1.40269,0.247,0.065,0.026,0.117
GMU1_P_29,GMU1,0.534,660,0,0,0,0,0
GMU1_P_30,GMU1,0.454,998,0.45366,0.04,0,0.02,0.424
GMU1_P_31,GMU1,0.954,817,0.40872,0,0.157,0,0.026
GMU1_P_33,GMU1,1,1410,0.63715,0,0.122,0,0.243
GMU1_P_34,GMU1,0.68,1486,1.08767,0.047,0.047,0,0.094
GMU1_P_35,GMU1,0.883,766,0.87444,0.026,0,0.013,0.247
GMU1_P_36,GMU1,0.983,1060,0.50115,0.013,0.052,0,0.364
GMU1_P_39,GMU1,0.958,1093,0.9242,0,0.067,0.045,0.18
GMU1_P_40,GMU1,0.611,616,0.38705,0.195,0,0,1.301
GMU1_P_41,GMU1,0.96,927,0,0,0,0,0
GMU1_P_42,GMU1,0.698,877,0.55554,0.13,0,0,0.403
GMU1_P_43,GMU1,0.735,799,0.94546,0.104,0.013,0.013,0.182
GMU1_P_44,GMU1,0.969,1144,0,0,0,0,0.085
GMU1_P_46,GMU1,0.904,1521,0.63651,0.069,0,0,0
GMU1_P_47,GMU1,0.905,1236,0.14734,0,1.386,0,0.02
GMU1_P_48,GMU1,0.673,806,0,0,0,0,0.231
GMU1_P_49,GMU1,0.964,912,0.54281,0,0.047,0.016,0.682
GMU1_P_50,GMU1,0.656,1173,1.2171,0.273,0.143,0.013,0.156
GMU1_P_52,GMU1,0.831,831,0.25095,0.026,0,0,0.351
GMU1_P_55,GMU1,0.624,800,1.11637,0,0.104,0.013,0.039
GMU1_P_56,GMU1,0.998,1713,0.66862,0.505,0,0.105,0.042
GMU1_P_57,GMU1,0.811,1034,0.36126,0,0.015,0.046,0.595
GMU1_P_58,GMU1,0.631,891,0.16982,0.033,0,0,0.78
GMU1_P_59,GMU1,0.861,775,0.32508,0.039,0,0,0.351
GMU1_P_6,GMU1,0.466,856,0.17769,0,0,0.04,2.178
GMU1_P_60,GMU1,0.895,1811,1.22977,0,0.244,0.046,0.153
GMU1_P_61,GMU1,0.935,831,1.12177,0.016,0.032,0,0.111
GMU1_P_62,GMU1,1,1501,1.25548,0.063,0.021,0.021,0
GMU1_P_64,GMU1,1,1167,1.24706,0.037,0.131,0.056,0.15
GMU1_P_66,GMU1,0.973,994,0.88214,0,0.577,0,0.27
GMU1_P_67,GMU1,0.767,794,0.84614,0.013,0.052,0,0.195
GMU1_P_68,GMU1,1,1466,0.97723,0,0.024,0.071,0
GMU1_P_7,GMU1,0.994,1119,1.02484,0,0,0.112,0.208
GMU1_P_70,GMU1,0.995,936,0,0,0,0,0.073
GMU1_P_71,GMU1,1,965,0.90164,0.078,0,0.039,0.194
GMU1_P_72,GMU1,0.893,767,1.0114,0.065,0,0,0.13
GMU1_P_74,GMU1,0.296,700,0.47181,0.016,0.047,0,0.598
GMU1_P_75,GMU1,0.932,1388,0.83529,0.43,0.056,0,0.168
GMU1_P_76,GMU1,0.9,758,0,0,0,0,0.136
GMU1_P_77,GMU1,0.69,765,0.38368,0.017,0,0,0.319
GMU1_P_78,GMU1,0.827,866,0.88205,0.034,0.017,0,0.222
GMU1_P_79,GMU1,0.96,1807,0.95468,0.059,0,0.02,0.02
GMU1_P_8,GMU1,0.694,1046,1.14196,0.247,0.013,0.052,0.169
GMU1_P_80,GMU1,0.481,644,0.96099,0.562,0.209,0,1.176
GMU1_P_81,GMU1,0.743,730,0.37188,0.147,0,0,1.053
GMU1_P_82,GMU1,0.539,647,0,0,0,0,2.922
GMU1_P_83,GMU1,0.961,1200,0.98741,0.071,0.46,0,0.283
GMU1_P_84,GMU1,1,1197,1.07433,0,0.155,0.016,0.062
GMU1_P_85,GMU1,0.701,1411,0.83846,0.247,0.021,0,0
GMU1_P_86,GMU1,0.633,782,1.0362,0.026,0,0,0.052
GMU1_P_87,GMU1,0.933,1217,0.5821,0.047,0.016,0,0.279
GMU1_P_88,GMU1,0.995,1230,0.73152,0.026,0.026,0,0.247
GMU1_P_89,GMU1,1,1332,0.32,0,0,0,0.157
GMU1_P_9,GMU1,0.73,2218,1.27322,0.017,0.035,0.017,0
GMU1_P_90,GMU1,0.887,1767,0.21903,0,0,0.028,0
GMU1_P_91,GMU1,0.997,809,0.90538,0.081,0.343,0,0.525
GMU1_P_92,GMU1,0.536,1100,1.26365,0.018,0,0.072,0.036
GMU1_P_93,GMU1,0.987,1767,0.91119,0,0.315,0.016,0.047
GMU1_P_94,GMU1,0.99,911,0.6652,0,0.105,0,0.065
GMU1_P_95,GMU1,0.917,1204,0.8658,0.062,0,0.217,0
GMU1_P_96,GMU1,0.87,889,0.26888,0.037,0.018,0,0.844
GMU1_P_97,GMU1,0.998,1455,1.23918,0.02,0.238,0.02,0.218
GMU1_P_98,GMU1,0.867,1643,1.09017,0.084,1.011,0,0.547
GMU1_P_99,GMU1,0.686,796,0.78905,0.112,0,0,0.336
GMU1_U_1,GMU1,0.929,935,0.55807,0,0.049,0,0.016
GMU1_U_10,GMU1,0.986,1548,1.22209,0.033,0,0.016,0.033
GMU1_U_100,GMU1,1,1715,0.56234,0.016,0.048,0,0
GMU1_U_101,GMU1,0.773,1325,1.25245,0.112,0,0.144,0.048
GMU1_U_102,GMU1,0.239,708,0,0,0,0,2.023
GMU1_U_103,GMU1,0.617,739,0.34448,0.026,0,0.013,0.805
GMU1_U_104,GMU1,0.974,1374,0,0,0,0,0
GMU1_U_105,GMU1,0.942,1768,0,0,0,0,0
GMU1_U_106,GMU1,1,1623,0.69315,0.063,0,0,0.063
GMU1_U_107,GMU1,0.625,711,0.13919,0.052,0,0,1.61
GMU1_U_108,GMU1,1,826,0,0,0,0,0
GMU1_U_11,GMU1,0.408,616,0.66165,0,0,0,0.275
GMU1_U_110,GMU1,0.888,1384,0.66195,0.062,0,0,0.103
GMU1_U_111,GMU1,0.772,946,0.98286,0.24,0.192,0,0.064
GMU1_U_112,GMU1,1,1528,0.95055,0.208,1.136,0.064,0.288
GMU1_U_114,GMU1,0.903,1456,0.89974,0.465,0.04,0.04,0.747
GMU1_U_115,GMU1,0.482,820,0,0,0,0,0
GMU1_U_117,GMU1,0.968,1210,0.39676,0.101,1.038,0,0.025
GMU1_U_118,GMU1,0.234,931,0.39149,0.14,0,0,0.915
GMU1_U_119,GMU1,0.23,775,0.64418,0,0.013,0.065,0.26
GMU1_U_12,GMU1,1,883,0,0,0,0,0
GMU1_U_120,GMU1,1,1670,0.38117,0,0.021,0,0
GMU1_U_121,GMU1,0.953,1423,0.63651,0,0.165,0,0
GMU1_U_122,GMU1,1,1112,0,0,0.242,0,0
GMU1_U_123,GMU1,0.774,789,0.44887,0.052,0,0.052,0.766
GMU1_U_124,GMU1,0.846,734,0.21456,0.013,0,0,0.221
GMU1_U_125,GMU1,0.672,834,0.26016,0.014,0,0,0.179
GMU1_U_126,GMU1,1,1536,1.08489,0.139,0,0.02,0.119
GMU1_U_128,GMU1,0.956,1061,0.55983,0,0.02,0,0.376
GMU1_U_129,GMU1,0.997,1593,0.86706,0.015,0,0,0.137
GMU1_U_13,GMU1,0.962,1677,0,0,0.016,0,0
GMU1_U_130,GMU1,0.535,919,0,0,0,0,0
GMU1_U_131,GMU1,0.307,1110,0,0,0,0,0
GMU1_U_132,GMU1,0.755,878,0.61064,0,0.226,0,0.528
GMU1_U_133,GMU1,0.382,1641,0.69315,0,0,0.013,0
GMU1_U_134,GMU1,0.829,1344,1.05492,0.032,0.032,0,0
GMU1_U_135,GMU1,0.993,1175,0,0,0,0,0.022
GMU1_U_136,GMU1,0.668,964,0,0,0,0,1.636
GMU1_U_138,GMU1,0.784,617,0.27183,0.046,0,0,0.55
GMU1_U_139,GMU1,0.903,1366,1.08751,0.016,0.016,0.081,0.114
GMU1_U_14,GMU1,0.74,1968,0.38117,0,0,0.021,0
GMU1_U_140,GMU1,0.932,1758,0.86256,0,0,0.018,0.11
GMU1_U_141,GMU1,0.74,1041,1.13388,0.331,0,0.016,0.362
GMU1_U_142,GMU1,1,1131,0,0,0.016,0,0
GMU1_U_143,GMU1,0.848,1485,0.68033,0.238,0,0.02,0.634
GMU1_U_144,GMU1,0.856,1731,0.67196,0,0.031,0,0.047
GMU1_U_146,GMU1,0.937,1623,0.79225,0.016,0.293,0,0.195
GMU1_U_147,GMU1,0.691,1925,0.95578,0,0.016,0.016,0.047
GMU1_U_148,GMU1,1,1236,0,0,0,0,0.021
GMU1_U_150,GMU1,0.993,849,0,0,0,0,0
GMU1_U_152,GMU1,0.91,955,0.11626,0,0.825,0,0.021
GMU1_U_153,GMU1,0.983,1528,0,0,0,0,0
GMU1_U_154,GMU1,0.896,1288,1.00874,0.02,0,0,0.061
GMU1_U_155,GMU1,0.872,726,0.68696,0,0.212,0,0.265
GMU1_U_156,GMU1,0.409,661,0.6927,0,0.241,0,0.227
GMU1_U_157,GMU1,1,1623,0.94206,0,0.056,0.154,0.266
GMU1_U_159,GMU1,0.961,1998,0.45486,0.103,0.021,0,0
GMU1_U_16,GMU1,0.974,804,0.24922,0,0.532,0,0.039
GMU1_U_160,GMU1,0.366,784,0.49265,0.013,0.255,0,1.289
GMU1_U_161,GMU1,0,534,0.76792,0,0,0,1.229
GMU1_U_163,GMU1,0.808,878,0.69014,0.018,0.513,0,0.195
GMU1_U_166,GMU1,0.999,1233,0.2593,0,0.02,0,0.257
GMU1_U_167,GMU1,1,1204,0,0,0.018,0,0
GMU1_U_168,GMU1,0.945,1017,1.27002,0.04,0.188,0.013,0.161
GMU1_U_169,GMU1,1,1454,0.38018,0,0,0.018,0.124
GMU1_U_170,GMU1,0.532,695,0.11324,0,0,0.04,2.86
GMU1_U_172,GMU1,0.946,1364,0,0.414,0,0,0
GMU1_U_173,GMU1,0.982,1606,0,0,0.02,0,0
GMU1_U_175,GMU1,0.974,1335,0.79944,0.045,0.157,0,0.022
GMU1_U_176,GMU1,1,917,0,0,0,0,0.337
GMU1_U_177,GMU1,0.308,1613,0.18366,0,0,0.02,0
GMU1_U_178,GMU1,0.991,1364,0.8601,0,0.02,0.061,0.141
GMU1_U_18,GMU1,0.74,1573,0.97431,0.08,0.02,0,0.06
GMU1_U_181,GMU1,1,1448,0.67301,0,0.046,0,0.069
GMU1_U_19,GMU1,0.798,827,0.57638,0.013,0.039,0,0.234
GMU1_U_20,GMU1,0.953,1224,0.5035,0,0.018,0,0
GMU1_U_23,GMU1,0.975,844,0.5004,0,0.013,0,0.052
GMU1_U_26,GMU1,0.466,603,0.68367,0,0,0,0.389
GMU1_U_27,GMU1,0.965,782,0.37677,0.013,0,0,0.091
GMU1_U_28,GMU1,1,1344,1.2389,0.169,0.182,0.13,0.675
GMU1_U_29,GMU1,0.761,671,0.68374,0.015,0,0.015,0.105
GMU1_U_30,GMU1,1,1003,0.6061,0,0.101,0,0.242
GMU1_U_31,GMU1,0.999,826,0,0,0,0,0
GMU1_U_33,GMU1,1,1516,0.38854,0,0.017,0.017,0.313
GMU1_U_34,GMU1,0.684,1502,0.75423,0,0.031,0,0.11
GMU1_U_35,GMU1,0.91,856,0.86756,0.013,0.013,0,0.052
GMU1_U_36,GMU1,0.979,1049,0.58497,0,0.247,0,0.662
GMU1_U_39,GMU1,0.992,1107,0.21475,0,0,0.045,0.764
GMU1_U_40,GMU1,0.631,607,0.57174,0.244,0,0,0.699
GMU1_U_41,GMU1,0.962,908,0,0.067,0,0,0
GMU1_U_42,GMU1,0.686,929,0.45056,0,0.013,0,0.065
GMU1_U_43,GMU1,0.668,790,0.52359,0.065,0,0,0.234
GMU1_U_44,GMU1,0.984,1195,1.00424,0.017,0,0,0.051
GMU1_U_45,GMU1,0.391,1136,0,0,0,0,0
GMU1_U_46,GMU1,0.971,1581,0.63651,0.138,0,0,0.069
GMU1_U_47,GMU1,0.406,1366,0.53393,0.396,0.02,0,0.02
GMU1_U_48,GMU1,0.659,1286,0.74564,0.099,0.017,0,0
GMU1_U_49,GMU1,0.976,1068,1.18646,0.062,0,0,0.248
GMU1_U_5,GMU1,0.624,955,0,0,0,0,0
GMU1_U_50,GMU1,0.693,1130,0,0,0,0,0
GMU1_U_52,GMU1,0.849,815,0.69315,0,0.013,0,0.013
GMU1_U_55,GMU1,1,848,0,0,0,0,0.195
GMU1_U_56,GMU1,1,1839,0.95027,0.021,0,0.021,0.063
GMU1_U_57,GMU1,0.64,1081,1.00582,0,0.107,0.061,0.183
GMU1_U_58,GMU1,0.441,703,0,0,0,0,0.699
GMU1_U_59,GMU1,0.921,752,0.37999,0.026,0.026,0.013,0.701
GMU1_U_6,GMU1,0.466,866,0.24007,0,0,0,0.851
GMU1_U_60,GMU1,0.893,1795,0.26828,0,0.015,0,0.183
GMU1_U_61,GMU1,0.981,735,0,0,0,0,0
GMU1_U_62,GMU1,1,1425,0,0.063,0,0,0
GMU1_U_64,GMU1,0.994,1335,1.06681,0.093,0.112,0,0.168
GMU1_U_66,GMU1,0.953,984,0.86756,0.018,0,0,0.162
GMU1_U_67,GMU1,0.708,770,0.56234,0,0.013,0,0.039
GMU1_U_68,GMU1,1,1571,0.63972,0,0,0,0.024
GMU1_U_7,GMU1,0.982,1609,1.12544,0.16,0.016,0,0.336
GMU1_U_70,GMU1,1,940,0.8811,0.055,0.018,0,0.22
GMU1_U_71,GMU1,1,1046,0.69315,0,0.078,0,0.078
GMU1_U_72,GMU1,0.642,752,0.57992,0.052,0,0,0.143
GMU1_U_74,GMU1,0.408,694,0,0,0,0,1.165
GMU1_U_75,GMU1,0.563,1693,0.69315,0.061,0,0,0
GMU1_U_76,GMU1,0.962,805,0.68002,0,0.485,0,0.35
GMU1_U_77,GMU1,0.454,733,0,0,0,0,1.042
GMU1_U_78,GMU1,0.745,846,0.69959,0.034,0.171,0,0.564
GMU1_U_79,GMU1,0.991,1784,0.99322,0.139,0,0.04,0.099
GMU1_U_8,GMU1,0.714,1054,0,0,0,0,0
GMU1_U_80,GMU1,0.387,642,0.70842,0.444,0.026,0,0.144
GMU1_U_81,GMU1,0.715,746,0.58857,0.168,0,0,0.442
GMU1_U_82,GMU1,0.608,648,0,0,0,0,1.636
GMU1_U_83,GMU1,0.989,1129,0.63651,0,0.106,0,0.053
GMU1_U_84,GMU1,1,1269,0.64132,0.016,0.031,0,0
GMU1_U_85,GMU1,0.71,1351,0,0.371,0,0,0
GMU1_U_86,GMU1,0.734,795,1.18068,0.013,0.169,0,0.104
GMU1_U_87,GMU1,0.906,1260,0.77133,0.016,0.295,0,0.155
GMU1_U_88,GMU1,0.997,1224,0.67869,0.013,0.442,0,0.169
GMU1_U_89,GMU1,0.983,1668,0,0,0,0,0
GMU1_U_9,GMU1,0.737,2184,0.63651,0,0.076,0,0
GMU1_U_90,GMU1,0.526,1861,0,0,0,0,0
GMU1_U_91,GMU1,0.998,855,0.3902,0.04,0,0,0.263
GMU1_U_92,GMU1,0.966,1375,0,0,0,0,0
GMU1_U_93,GMU1,1,1620,0.67352,0,0.094,0,0.063
GMU1_U_94,GMU1,0.989,880,0.63503,0,0.105,0,0.052
GMU1_U_95,GMU1,0.937,1386,0.43933,0,0.062,0,0
GMU1_U_96,GMU1,0.938,888,0.55854,0,0,0.018,0.055
GMU1_U_97,GMU1,0.999,1530,0.32836,0,0.891,0,0.059
GMU1_U_98,GMU1,0.737,1646,0.54725,0.021,0.021,0.021,0.4
GMU1_U_99,GMU1,0.639,796,0.34883,0.013,0,0,0.104
GMU10A_P_10,GMU10A,0.887,1075,0.96594,0,0.169,0.052,0.221
GMU10A_P_101,GMU10A,0.951,836,1.20152,0.221,0.026,0.026,0.468
GMU10A_P_102,GMU10A,0.962,1287,0.32508,0.351,0,0,0
GMU10A_P_103,GMU10A,0.881,1519,1.18826,0.056,0.126,0,0.07
GMU10A_P_104,GMU10A,0.899,821,0.63651,0.468,0,0,0.234
GMU10A_P_105,GMU10A,0.891,788,1.06094,0.156,0,0,0.078
GMU10A_P_107,GMU10A,0.919,1276,1.02328,0.13,0.026,0,0.182
GMU10A_P_108,GMU10A,0.93,1005,0.80225,0.065,0,0,0.545
GMU10A_P_109,GMU10A,0.902,1060,0.80785,0.299,0,0.026,0.416
GMU10A_P_11,GMU10A,0.153,1283,0.67876,0.351,0,0,0.494
GMU10A_P_110,GMU10A,0.376,1038,0.77741,0.091,0,0,0.662
GMU10A_P_111,GMU10A,0.995,1409,0.97431,0.039,0,0.013,0.052
GMU10A_P_112,GMU10A,0.196,819,0.94565,0.091,0,0,0.234
GMU10A_P_12,GMU10A,0.486,1021,0.58994,0.078,0,0,0.597
GMU10A_P_14,GMU10A,0.059,919,0,0,0,0,1.208
GMU10A_P_15,GMU10A,1,1393,0.29876,0.013,0,0.013,0.351
GMU10A_P_16,GMU10A,0.445,632,0.51186,0.078,0,0,0.312
GMU10A_P_17,GMU10A,0.803,822,0.7607,0.26,0.013,0,0.377
GMU10A_P_18,GMU10A,0.944,1110,0,0,0,0,0
GMU10A_P_20,GMU10A,0.998,1091,0.52971,0.026,0,0,0.091
GMU10A_P_21,GMU10A,0.503,1654,0.85679,0.247,0,0.13,0.74
GMU10A_P_22,GMU10A,0.935,1098,1.06401,0.065,0.248,0,0.065
GMU10A_P_23,GMU10A,0.869,1172,0.51465,0.104,0,0,0.39
GMU10A_P_24,GMU10A,0.762,1010,1.07541,0.351,0,0,0.545
GMU10A_P_25,GMU10A,0.943,942,0.56234,0.195,0,0,0.065
GMU10A_P_26,GMU10A,0.16,709,0,0,0,0,0
GMU10A_P_27,GMU10A,0.974,1043,1.12095,0.078,0.013,0.013,0.039
GMU10A_P_28,GMU10A,0.737,964,0.70767,0.208,0,0,1.519
GMU10A_P_29,GMU10A,0.829,914,0.17172,0.013,0,0.013,0.74
GMU10A_P_30,GMU10A,0.856,951,0.91522,0.065,0.039,0,0.584
GMU10A_P_31,GMU10A,1,1011,0.97533,0.013,0.039,0.013,0.273
GMU10A_P_32,GMU10A,0.993,971,0.50914,0.013,0.013,0,0.156
GMU10A_P_34,GMU10A,0.989,1092,0.99937,0.195,0,0.065,0.208
GMU10A_P_36,GMU10A,0.849,998,1.06701,0.182,0.013,0,0.429
GMU10A_P_37,GMU10A,0.935,1189,1.09638,0.26,0,0.299,0.26
GMU10A_P_38,GMU10A,0.601,1142,0.93167,0.556,0.066,0.013,0.397
GMU10A_P_39,GMU10A,0.927,1455,0.59827,0.13,0,0,0.052
GMU10A_P_4,GMU10A,1,1044,1.18826,0.065,0,0.013,0.052
GMU10A_P_40,GMU10A,0.423,845,1.0011,0.597,0,0,0.182
GMU10A_P_41,GMU10A,0.986,1112,1.02396,0.325,0,0,0.143
GMU10A_P_43,GMU10A,0.941,1218,0,0,0,0,0.571
GMU10A_P_45,GMU10A,0.926,871,0.90186,0.117,0,0,0.156
GMU10A_P_46,GMU10A,0.536,970,0.62946,0.039,0.091,0,1.026
GMU10A_P_47,GMU10A,0.998,1230,1.16482,0.065,0,0.013,0.13
GMU10A_P_48,GMU10A,0.255,909,1.09703,0.117,0,0,0.104
GMU10A_P_49,GMU10A,0.442,1680,0,0,0,0,0.059
GMU10A_P_5,GMU10A,0.984,1145,0.94664,0.51,0,0.118,0.261
GMU10A_P_50,GMU10A,0.96,1265,0.97434,0.098,0.056,0,0.196
GMU10A_P_51,GMU10A,0.855,1491,0.46924,0.039,0,0.026,0.442
GMU10A_P_52,GMU10A,0.764,993,0.72186,0.013,0.481,0,0.74
GMU10A_P_53,GMU10A,0.909,1174,0.72984,0.169,0,0.013,0.052
GMU10A_P_54,GMU10A,0.979,1528,0.50105,0.234,0,0.013,0.026
GMU10A_P_55,GMU10A,0.986,1125,0.58595,0.104,0,0,0.039
GMU10A_P_56,GMU10A,0.75,976,0.83076,0.221,0,0,1.078
GMU10A_P_57,GMU10A,0.906,619,0,0,0,0,0
GMU10A_P_59,GMU10A,0.242,1777,0.51808,0.018,0,0.054,0.393
GMU10A_P_6,GMU10A,0.987,1115,1.05492,0.028,0,0,0.028
GMU10A_P_60,GMU10A,0.376,641,0.65177,0.494,0,0,0.169
GMU10A_P_61,GMU10A,0.462,899,0.63651,0.308,0,0,0.154
GMU10A_P_62,GMU10A,0.572,951,0.70332,0.013,0.013,0,0.195
GMU10A_P_63,GMU10A,1,1205,0,0,0,0,0.039
GMU10A_P_64,GMU10A,0.665,990,0.89827,0.195,0,0,0.468
GMU10A_P_65,GMU10A,0.512,1903,0.6725,0.052,0,0.039,0.013
GMU10A_P_66,GMU10A,1,957,0.5004,0.312,0,0,0.078
GMU10A_P_67,GMU10A,0.989,1263,0.84681,0.117,0,0.013,0.143
GMU10A_P_68,GMU10A,0.446,987,0.72565,0.078,0.013,0,0.558
GMU10A_P_69,GMU10A,0.84,1200,0.80974,0.247,0,0.091,0.727
GMU10A_P_7,GMU10A,0.993,1096,0.53735,0.049,0,0.033,0.618
GMU10A_P_71,GMU10A,0.88,1049,1.1958,0.091,0.013,0,0.143
GMU10A_P_72,GMU10A,0.755,919,1.06787,0.117,0.104,0,0.571
GMU10A_P_75,GMU10A,0.984,1460,0.17321,0,0,0.013,0.299
GMU10A_P_76,GMU10A,0.383,836,1.0665,0.61,0,0,0.403
GMU10A_P_77,GMU10A,0.876,731,0.4867,0.104,0,0,0.766
GMU10A_P_78,GMU10A,0.497,1014,0.96128,0.117,0.013,0,0.545
GMU10A_P_79,GMU10A,0.831,986,0.56706,0,0.013,0.013,0.234
GMU10A_P_8,GMU10A,0.859,990,0.69279,0.143,0,0,0.545
GMU10A_P_80,GMU10A,0.943,1072,1.08531,0.377,0.403,0,0.273
GMU10A_P_82,GMU10A,0.75,1474,0.58361,1.883,0,0.078,0.286
GMU10A_P_83,GMU10A,0.84,997,0.59851,0.308,0,0,0.769
GMU10A_P_84,GMU10A,0.847,957,0.25909,0.104,0,0,1.338
GMU10A_P_85,GMU10A,0.974,1349,1.05035,0.195,0.065,0.013,0.052
GMU10A_P_86,GMU10A,0.512,1244,0.9822,0.247,0.104,0.013,0.87
GMU10A_P_87,GMU10A,0.91,938,1.20587,0.043,0.085,0,0.099
GMU10A_P_88,GMU10A,0.819,891,1.03563,0.286,0.026,0,0.065
GMU10A_P_89,GMU10A,0.993,1063,1.01059,0.225,0,0.014,0.817
GMU10A_P_93,GMU10A,0.965,1126,1.10998,0.351,0,0.052,0.117
GMU10A_P_94,GMU10A,0.496,920,0.80792,0.104,0,0,1.584
GMU10A_P_95,GMU10A,0.989,1075,0.28684,0,0,0.026,0.286
GMU10A_P_96,GMU10A,0.993,1124,1.07675,0.065,0,0.013,0.195
GMU10A_P_97,GMU10A,0.91,1221,1.14996,0.333,0,0.056,0.083
GMU10A_P_98,GMU10A,0.914,1390,0,0.065,0,0,0
GMU10A_P_99,GMU10A,0.984,1407,0.71424,0.065,0,0.039,0.325
GMU10A_U_10,GMU10A,0.852,1075,0.46341,0,0,0.013,0.182
GMU10A_U_101,GMU10A,0.978,859,0.98795,0.273,0,0.013,0.156
GMU10A_U_102,GMU10A,0.938,1176,0,0,0,0,0
GMU10A_U_103,GMU10A,0.863,966,0,0,0,0,0
GMU10A_U_104,GMU10A,0.957,656,0.99503,0.052,0.13,0,0.052
GMU10A_U_105,GMU10A,0.862,752,0.16302,0.013,0,0,0.325
GMU10A_U_107,GMU10A,0.914,1266,0.67301,0,0.026,0,0.039
GMU10A_U_108,GMU10A,0.916,1005,0.85651,0.091,0,0,0.597
GMU10A_U_109,GMU10A,0.913,1109,0.82396,0.039,0.013,0,0.104
GMU10A_U_11,GMU10A,0.153,1283,0,0,0,0,0
GMU10A_U_110,GMU10A,0.382,1047,0,0,0,0,0.24
GMU10A_U_111,GMU10A,1,1355,0.11268,0,0,0.013,0.532
GMU10A_U_112,GMU10A,0.201,822,1.04509,0.078,0.026,0,0.26
GMU10A_U_116,GMU10A,0.499,1467,0.8739,0.026,0,0,0.143
GMU10A_U_118,GMU10A,0.962,1156,0.32508,0,0.013,0,0.117
GMU10A_U_119,GMU10A,0.853,1225,0.37636,0.026,0.039,0,0.623
GMU10A_U_12,GMU10A,0.36,1025,0.21456,0.013,0,0,0.221
GMU10A_U_120,GMU10A,0.842,987,0.66406,0.104,0,0.052,0.558
GMU10A_U_121,GMU10A,0.588,660,0.55193,0.247,0,0,0.779
GMU10A_U_122,GMU10A,0.872,960,0,0,0,0,0.026
GMU10A_U_123,GMU10A,0.558,1181,0.07764,0,0,0.013,0.857
GMU10A_U_125,GMU10A,0.4,1081,0,0,0,0,0
GMU10A_U_127,GMU10A,0.962,1019,0.69304,0,0.442,0,0.455
GMU10A_U_128,GMU10A,0.197,968,0.54428,0.023,0,0.069,0.46
GMU10A_U_129,GMU10A,0.266,546,0,0,0,0,0.026
GMU10A_U_13,GMU10A,0.779,630,0.56234,0.013,0,0,0.039
GMU10A_U_130,GMU10A,0.714,1016,0.37545,0.252,0,0.013,0.013
GMU10A_U_131,GMU10A,0.481,978,0.86286,0.117,0,0,0.117
GMU10A_U_132,GMU10A,1,1119,0.67301,0,0.026,0,0.039
GMU10A_U_133,GMU10A,0.92,1428,0,0,0,0,0
GMU10A_U_134,GMU10A,0.792,563,0,0,0,0,0.078
GMU10A_U_135,GMU10A,0.944,1476,0,0,0,0,0
GMU10A_U_136,GMU10A,0.66,884,0.50845,0.351,0,0,0.091
GMU10A_U_137,GMU10A,0.859,1222,0.94236,0.11,0.041,0,0.193
GMU10A_U_138,GMU10A,0.066,614,0.69315,0,0,0,0.026
GMU10A_U_139,GMU10A,0.983,1323,0.15811,0,0.015,0,0.391
GMU10A_U_14,GMU10A,0.063,914,0,0,0,0,1.416
GMU10A_U_140,GMU10A,0.109,973,0.64917,0.169,0,0,0.31
GMU10A_U_141,GMU10A,0.595,625,0,0.091,0,0,0
GMU10A_U_142,GMU10A,0.708,986,0.20343,0.039,0,0.013,1.143
GMU10A_U_143,GMU10A,0.727,995,0.48982,0,0.195,0,0.818
GMU10A_U_144,GMU10A,0.618,741,0.82372,0.156,0,0,0.091
GMU10A_U_146,GMU10A,0.429,1229,0,0,0,0,0.338
GMU10A_U_147,GMU10A,1,1464,1.02965,0.026,0,0,0.065
GMU10A_U_148,GMU10A,0.179,961,0.69353,0.273,0.013,0,0.766
GMU10A_U_149,GMU10A,0.921,990,0,0,0,0,0
GMU10A_U_15,GMU10A,1,1389,0,0,0,0,0.16
GMU10A_U_151,GMU10A,0.998,1127,0,0,0,0,0.208
GMU10A_U_153,GMU10A,0.924,1194,0.85004,0.052,0.104,0.026,0.481
GMU10A_U_154,GMU10A,0.498,1346,0,0,0.252,0,0
GMU10A_U_155,GMU10A,1,1272,0.83208,0.026,0.039,0.026,0.273
GMU10A_U_157,GMU10A,0.642,1259,1.2448,0.172,0.132,0,0.146
GMU10A_U_158,GMU10A,0.981,1012,0.3032,0.026,0,0,0.506
GMU10A_U_16,GMU10A,0.238,653,0.68479,0.143,0,0,0.961
GMU10A_U_160,GMU10A,0.971,1069,0.69315,0.026,0,0,0.026
GMU10A_U_162,GMU10A,1,1594,0.8439,0.273,0,0.026,0.286
GMU10A_U_164,GMU10A,0.92,1200,0.17884,0,0,0,0.286
GMU10A_U_165,GMU10A,0.43,862,0.68901,0.065,0,0,0.078
GMU10A_U_166,GMU10A,0.951,1162,0.81585,0,0.065,0.026,0.195
GMU10A_U_167,GMU10A,0.918,1052,0.79099,0.013,0.078,0,0.169
GMU10A_U_169,GMU10A,0.539,623,0.29385,0.039,0,0,0.688
GMU10A_U_17,GMU10A,0.983,752,0.56234,0.039,0,0,0.013
GMU10A_U_170,GMU10A,0.842,1297,0.52532,0.091,0,0,0.325
GMU10A_U_171,GMU10A,0.756,858,0,0,0,0,0.013
GMU10A_U_172,GMU10A,0.994,1276,0.2993,0.014,0,0,0.144
GMU10A_U_18,GMU10A,0.832,1170,0.73562,0.013,0,0,0.078
GMU10A_U_20,GMU10A,1,1118,0,0,0,0,0
GMU10A_U_21,GMU10A,0.848,1407,0.86872,0.091,0.117,0,0.013
GMU10A_U_22,GMU10A,0.956,1121,0,0,0.444,0,0
GMU10A_U_23,GMU10A,0.941,1226,0.69201,0.13,0,0,0.143
GMU10A_U_24,GMU10A,0.822,1022,0.18491,0,0,0,0.273
GMU10A_U_25,GMU10A,0.982,959,0.8739,0.026,0.052,0,0.143
GMU10A_U_26,GMU10A,0.135,673,0.58595,0,0,0,0.039
GMU10A_U_27,GMU10A,0.979,1070,0.69176,0,0.13,0,0.117
GMU10A_U_28,GMU10A,0.773,964,0.29437,0.091,0,0,0.961
GMU10A_U_29,GMU10A,0.872,919,0,0,0,0,0
GMU10A_U_30,GMU10A,0.738,946,0.844,0,0.104,0,0.896
GMU10A_U_31,GMU10A,1,1003,0.40271,0,0.13,0,1.052
GMU10A_U_32,GMU10A,0.993,1004,0.80034,0.013,0.234,0,0.182
GMU10A_U_34,GMU10A,0.999,1174,0.94706,0.026,0.117,0,0.065
GMU10A_U_36,GMU10A,0.856,1010,0.23379,0.026,0,0,0.39
GMU10A_U_37,GMU10A,0.943,1218,0.73814,0.208,0,0.039,0.584
GMU10A_U_38,GMU10A,0.643,1108,0.9516,0.172,0.04,0,0.093
GMU10A_U_39,GMU10A,0.975,1306,0,0,0,0,0
GMU10A_U_4,GMU10A,1,1084,0.67301,0,0.078,0,0.117
GMU10A_U_40,GMU10A,0.759,796,0,0,0,0,0
GMU10A_U_41,GMU10A,0.991,1094,0.91646,0.013,0.078,0,0.052
GMU10A_U_43,GMU10A,0.928,1248,0.57992,0,0.104,0,0.286
GMU10A_U_45,GMU10A,0.936,905,1.01949,0.065,0.026,0,0.234
GMU10A_U_46,GMU10A,0.504,970,0,0,0,0,0
GMU10A_U_47,GMU10A,0.998,1188,0.67919,0,0.091,0,0.065
GMU10A_U_48,GMU10A,0.554,839,0.35171,0,0,0.018,0.142
GMU10A_U_49,GMU10A,0.444,1714,0.75492,0.182,0,0,0.117
GMU10A_U_5,GMU10A,0.966,1232,0.24403,0.013,0,0,0.183
GMU10A_U_50,GMU10A,0.99,803,0,0,0,0,0.07
GMU10A_U_51,GMU10A,0.954,1466,0.11483,0,0,0.013,0.519
GMU10A_U_52,GMU10A,0.864,1046,0,0,0,0,0
GMU10A_U_54,GMU10A,0.96,1575,0.7856,0.273,0.013,0,0.286
GMU10A_U_55,GMU10A,1,1245,0,0.013,0,0,0
GMU10A_U_56,GMU10A,0.802,977,0.44027,0.117,0,0,0.831
GMU10A_U_57,GMU10A,0.916,635,0.67749,0.182,0,0,0.26
GMU10A_U_59,GMU10A,0.294,1796,0.5004,0,0,0.013,0.052
GMU10A_U_6,GMU10A,0.925,1020,0,0,0.083,0,0
GMU10A_U_60,GMU10A,0.514,815,0,0,0,0,0.065
GMU10A_U_61,GMU10A,0.531,865,0.6277,0.105,0,0,0.222
GMU10A_U_62,GMU10A,0.543,951,0.80011,0.013,0.013,0,0.338
GMU10A_U_63,GMU10A,1,1243,0,0,0,0,0.545
GMU10A_U_64,GMU10A,0.746,966,0.99114,0.039,0.013,0,0.117
GMU10A_U_65,GMU10A,0.877,1428,0.56234,0.195,0,0,0.065
GMU10A_U_66,GMU10A,0.979,880,0,0,0,0,0
GMU10A_U_67,GMU10A,0.997,1280,0.64286,0.026,0.052,0.026,0.494
GMU10A_U_68,GMU10A,0.446,1000,0.73366,0.117,0.013,0,0.273
GMU10A_U_69,GMU10A,0.827,1187,0.3405,0.039,0,0,0.325
GMU10A_U_7,GMU10A,0.987,1146,0.55479,0,0.117,0,0.364
GMU10A_U_71,GMU10A,0.881,1036,0.63651,0,0.052,0,0.026
GMU10A_U_72,GMU10A,0.591,1001,0.68531,0.091,0,0,0.117
GMU10A_U_73,GMU10A,0.938,1561,0,0,0,0,0
GMU10A_U_76,GMU10A,0.286,802,0.99727,0.052,0,0,0.065
GMU10A_U_77,GMU10A,0.483,495,0,0,0,0,0.065
GMU10A_U_78,GMU10A,0.479,1013,0.95623,0.117,0,0,0.532
GMU10A_U_79,GMU10A,0.865,987,0.42472,0,0.104,0,0.584
GMU10A_U_8,GMU10A,0.948,1010,0,0,0,0,0.481
GMU10A_U_80,GMU10A,0.96,1087,0.56609,0.013,0.013,0,0.13
GMU10A_U_82,GMU10A,0.722,1567,0,0.364,0,0,0
GMU10A_U_83,GMU10A,0.822,1002,0,0,0,0,0.338
GMU10A_U_84,GMU10A,0.81,993,0,0,0,0,0.699
GMU10A_U_85,GMU10A,0.977,1357,0.67301,0.026,0,0,0.039
GMU10A_U_86,GMU10A,0.629,1268,0.73579,0.182,0.143,0,1.208
GMU10A_U_87,GMU10A,0.914,991,0,0,0,0,0
GMU10A_U_88,GMU10A,0.871,888,0.8398,0.052,0.013,0,0.247
GMU10A_U_89,GMU10A,0.993,1050,0.41146,0,0,0.014,0.538
GMU10A_U_9,GMU10A,0.863,1011,0.69315,0.118,0,0,0.118
GMU10A_U_92,GMU10A,0.253,967,0,0,0,0,0.4
GMU10A_U_93,GMU10A,0.965,1121,0.67301,0,0.026,0,0.039
GMU10A_U_94,GMU10A,0.491,920,0.39434,0.013,0,0,1.442
GMU10A_U_95,GMU10A,0.989,1072,0.23379,0,0,0.026,0.39
GMU10A_U_96,GMU10A,0.999,1129,0.68291,0,0.117,0,0.156
GMU10A_U_97,GMU10A,0.91,1219,0,0,0,0,0
GMU10A_U_98,GMU10A,0.977,778,0.67301,0.104,0,0,0.156
GMU10A_U_99,GMU10A,0.995,1448,0,0,0,0,0.117
GMU6_P_1,GMU6,0.998,1101,0.91128,0.091,0.078,0.013,0.39
GMU6_P_10,GMU6,0.734,971,0.8877,0.599,0,0,0.263
GMU6_P_100,GMU6,0.837,1251,1.48127,0.234,0,0.078,0.208
GMU6_P_101,GMU6,0.877,1475,0.52359,0.234,0,0,0
GMU6_P_102,GMU6,0.934,1539,1.2244,0.126,0.028,0.098,0.587
GMU6_P_103,GMU6,0.992,1532,1.171,0.026,0.052,0,0.091
GMU6_P_104,GMU6,0.903,1157,0.59859,0.234,0,0,0.584
GMU6_P_105,GMU6,0.946,1350,1.25721,0.102,0,0.029,0.058
GMU6_P_107,GMU6,0.003,891,0.13379,0.039,0,0,1.273
GMU6_P_109,GMU6,0.398,1008,1.35665,0.013,0.169,0.091,0.039
GMU6_P_11,GMU6,0.09,666,0.67821,0,0,0,0.221
GMU6_P_12,GMU6,0.115,1054,0.22876,0,0,0,1.208
GMU6_P_13,GMU6,0.979,1300,1.18396,0.117,0,0.104,0.052
GMU6_P_14,GMU6,0.78,1601,1.51743,0.259,0.086,0.187,0.288
GMU6_P_16,GMU6,0.998,1507,0.96333,0.091,0,0.039,0.156
GMU6_P_17,GMU6,0.299,903,0.5004,0.468,0,0,0.117
GMU6_P_18,GMU6,0.82,1097,1.07947,0.221,0,0.065,0.221
GMU6_P_2,GMU6,0.746,925,1.07852,0.39,0.065,0.016,0.309
GMU6_P_21,GMU6,0.964,1222,0.99228,0.026,0,0,0.091
GMU6_P_22,GMU6,0.65,1012,0.95408,0.299,0,0.065,0.208
GMU6_P_23,GMU6,0.82,1382,0.8877,0.584,0.156,0,0.156
GMU6_P_24,GMU6,0.787,910,0.25111,0.078,0,0,1.052
GMU6_P_25,GMU6,0.701,1640,0.69034,0.052,0,0.065,0.727
GMU6_P_26,GMU6,0.914,1636,0.53258,0.014,0,0.028,0.227
GMU6_P_27,GMU6,0.583,1116,1.1445,0.244,0.061,0,0.168
GMU6_P_28,GMU6,0.897,1498,0.4151,0.104,0,0,0.61
GMU6_P_3,GMU6,0.92,930,1.16053,0.065,0,0.065,0.013
GMU6_P_30,GMU6,0.554,1457,0.97823,0.278,0,0.079,0.026
GMU6_P_31,GMU6,0.953,913,0.77593,0.13,0.065,0,0.494
GMU6_P_32,GMU6,0.999,1696,0.86785,0.571,0,0.104,0.896
GMU6_P_33,GMU6,0.893,1087,0.48126,0.078,0.34,0,0
GMU6_P_34,GMU6,0.196,942,0.746,0.558,0,0.013,0.597
GMU6_P_35,GMU6,0.445,940,0.34707,0.013,0,0,0.416
GMU6_P_36,GMU6,0.948,1095,1.30978,0.247,0.169,0,0.013
GMU6_P_37,GMU6,0.895,1821,1.31259,0.182,0,0.091,0.078
GMU6_P_38,GMU6,0.783,1551,1.19209,0.199,0,0.085,0.27
GMU6_P_4,GMU6,0.697,1106,0,0,0,0,0
GMU6_P_40,GMU6,0.975,954,1.19074,0.104,0.078,0,0.286
GMU6_P_41,GMU6,0.917,1346,1.08864,0.078,0,0.169,0.26
GMU6_P_42,GMU6,0.829,1004,0.97401,0.175,0,0,0.044
GMU6_P_43,GMU6,0.714,963,0.57125,0.312,0,0,0.896
GMU6_P_44,GMU6,0.997,1133,1.01638,0.091,0,0,0.234
GMU6_P_45,GMU6,0.613,1202,0.91606,0.753,0,0.026,0.61
GMU6_P_46,GMU6,0.229,949,0.86036,0.286,0,0.039,0.13
GMU6_P_49,GMU6,0.913,915,1.01081,0.196,0,0,0.131
GMU6_P_5,GMU6,0.984,1352,1.0114,0.039,0.013,0,0.026
GMU6_P_50,GMU6,0.995,1198,0.54363,0.597,0,0,0.182
GMU6_P_51,GMU6,0.992,1173,0.91128,0.078,0,0.091,0.39
GMU6_P_53,GMU6,0.668,1493,1.1957,0.221,0,0.117,0.026
GMU6_P_54,GMU6,0.519,1427,1.54441,0.084,0.084,0.07,0.098
GMU6_P_55,GMU6,0.42,1320,0.93764,0.065,0,0.039,0.156
GMU6_P_56,GMU6,0.999,1151,0.99251,0.143,0,0.052,0.182
GMU6_P_57,GMU6,0.958,1358,1.20129,0.126,0,0.016,0.157
GMU6_P_58,GMU6,0.974,1241,1.2605,0.173,0.072,0.043,0.086
GMU6_P_59,GMU6,0.753,901,0.44331,0.026,0,0,0.286
GMU6_P_6,GMU6,0.481,921,0.69208,0.403,0,0,0.442
GMU6_P_60,GMU6,0.983,1620,0,0,0,0,0
GMU6_P_62,GMU6,0.712,718,1.05695,0.39,0,0,0.078
GMU6_P_63,GMU6,1,1054,0,0,0,0,0.013
GMU6_P_64,GMU6,0.445,1940,1.02315,0.065,0,0.169,0
GMU6_P_65,GMU6,1,1126,1.20599,0.131,0.065,0.026,0.039
GMU6_P_66,GMU6,0.31,902,0.66743,0.156,0,0,0.247
GMU6_P_67,GMU6,0.562,790,0.69315,0.026,0,0,0.026
GMU6_P_69,GMU6,0.623,1708,1.30419,0.088,0,0.044,0.073
GMU6_P_7,GMU6,0.691,1017,0.45168,0.199,0,0,0.04
GMU6_P_70,GMU6,0.839,1291,0.76578,0.344,0,0.013,0
GMU6_P_71,GMU6,0.189,781,1.0114,0.039,0,0,0.013
GMU6_P_72,GMU6,0.977,1432,0.94375,0.779,0,0.26,0.247
GMU6_P_73,GMU6,0.842,1251,0.73562,0.078,0.013,0.013,0
GMU6_P_74,GMU6,0.892,1153,0.97077,0.26,0,0.065,0.234
GMU6_P_75,GMU6,0.579,1277,1.32296,0.117,0,0.039,0.091
GMU6_P_76,GMU6,0.948,889,0.86704,0.026,0,0,0.273
GMU6_P_77,GMU6,0.314,1484,0.16524,0.014,0,0,1.266
GMU6_P_78,GMU6,0.607,938,0.55983,0.247,0.013,0,0.039
GMU6_P_79,GMU6,0.982,1356,1.09824,0.11,0.014,0.234,0.317
GMU6_P_8,GMU6,0.561,879,0.29751,0,0.065,0,0.675
GMU6_P_80,GMU6,0.961,1679,0.74362,0.039,0,0.104,0.701
GMU6_P_81,GMU6,0.953,1293,1.05407,0,0.074,0.059,0.119
GMU6_P_82,GMU6,0.45,892,0,0,0,0,0.779
GMU6_P_83,GMU6,0.975,1180,0.75747,0.623,0.013,0.013,0.299
GMU6_P_84,GMU6,0.579,973,1.06676,0.169,0.052,0.065,0.948
GMU6_P_85,GMU6,0.905,1550,1.53511,0.078,0.039,0.078,0.065
GMU6_P_86,GMU6,0.851,1452,1.34889,0.266,0.098,0.084,0.112
GMU6_P_87,GMU6,0.918,1486,0.39549,0.662,0.026,0,0.013
GMU6_P_89,GMU6,0.889,1302,1.29965,0.052,0.013,0.013,0.104
GMU6_P_9,GMU6,0.847,1616,1.50047,0.156,0.199,0.071,0.284
GMU6_P_90,GMU6,0.992,1256,0,0,0,0,0.667
GMU6_P_94,GMU6,0.709,928,1.0389,0.221,0.299,0.013,0.065
GMU6_P_96,GMU6,0.987,1559,1.13837,0.065,0.234,0.052,0.052
GMU6_P_97,GMU6,0.952,821,1.32617,0.029,0,0.014,0.014
GMU6_P_99,GMU6,0.496,1012,0.94727,0.416,0.026,0.039,0.195
GMU6_U_1,GMU6,0.995,1110,0.53754,0.104,0,0,0.351
GMU6_U_10,GMU6,0.838,876,0.90341,0.029,0.073,0,0.015
GMU6_U_100,GMU6,0.738,1221,1.01987,0,0.104,0,0.039
GMU6_U_101,GMU6,0.904,1429,0.51958,0.143,0,0,0
GMU6_U_102,GMU6,0.973,1487,0.64969,0.056,0,0,0.238
GMU6_U_103,GMU6,0.992,1493,0.55108,0.078,0,0,0.247
GMU6_U_104,GMU6,0.978,1192,0.49133,0.325,0,0,0.078
GMU6_U_105,GMU6,0.964,1286,1.01397,0.015,0,0.029,0.044
GMU6_U_107,GMU6,0.395,859,0.20908,0.013,0,0.026,0.844
GMU6_U_108,GMU6,0.999,1367,0.32451,0.013,0,0,0.312
GMU6_U_109,GMU6,0.315,1012,1.20352,0.052,0,0.156,0.052
GMU6_U_11,GMU6,0.132,666,0.54115,0,0,0,1.208
GMU6_U_111,GMU6,0.943,1236,0,0,0,0,0
GMU6_U_112,GMU6,0.873,1741,0,0,0,0,0
GMU6_U_113,GMU6,0.623,1260,0.95965,0.325,0.584,0,0.052
GMU6_U_114,GMU6,0.113,940,0,0,0,0,0
GMU6_U_115,GMU6,0.389,869,0.56234,0,0,0,0.013
GMU6_U_116,GMU6,0.719,1302,1.24402,0.013,0,0.117,0.039
GMU6_U_117,GMU6,0.681,1348,0.63691,0.31,0.047,0.031,0
GMU6_U_118,GMU6,0.696,933,0.45814,0.078,0,0,0.377
GMU6_U_119,GMU6,0.968,1038,0,0,0,0,0.26
GMU6_U_12,GMU6,0.097,1056,0.29783,0,0,0,0.311
GMU6_U_120,GMU6,1,1242,0.7699,0,0,0.039,0.584
GMU6_U_121,GMU6,0.989,1136,0,0,0,0,0
GMU6_U_122,GMU6,0.692,1198,0.45938,0.088,0,0,0.423
GMU6_U_123,GMU6,0.677,781,0.28684,0,0.286,0,0.026
GMU6_U_124,GMU6,0.97,1429,0,0,0,0,0
GMU6_U_125,GMU6,0.705,1397,1.32269,0.065,0.091,0,0.169
GMU6_U_126,GMU6,0.879,1594,1.09648,0.326,0,0.03,0.267
GMU6_U_129,GMU6,0.936,987,0.56234,0.052,0,0,0.156
GMU6_U_13,GMU6,1,1572,0.77322,0.078,0,0.013,0.182
GMU6_U_131,GMU6,0.989,1134,0.25732,0.013,0,0,0.169
GMU6_U_132,GMU6,0.487,1024,0.90625,0.26,0,0.013,0.351
GMU6_U_133,GMU6,0.984,1145,0,0,0.416,0,0
GMU6_U_134,GMU6,0.999,1336,0.3365,0.221,0.026,0,0
GMU6_U_135,GMU6,0.994,1365,0.48509,0,0.013,0.013,0.169
GMU6_U_136,GMU6,0.509,866,0,0,0,0,0.117
GMU6_U_137,GMU6,0.8,1414,1.50963,0.03,0.03,0.03,0.074
GMU6_U_138,GMU6,0.672,1293,0.47061,0.128,0,0,0.028
GMU6_U_14,GMU6,0.81,1610,1.0714,0.129,0,0.173,0.374
GMU6_U_140,GMU6,0.989,1285,0.77779,0.039,0,0,0.169
GMU6_U_141,GMU6,0.672,1394,0.21674,0.013,0.026,0.039,1.779
GMU6_U_142,GMU6,0.465,1000,0.64265,0.338,0,0.039,1.143
GMU6_U_143,GMU6,0.298,1071,1.00501,0.097,0.041,0.028,0.29
GMU6_U_144,GMU6,0.717,1425,0.69127,0,0,0.299,0.338
GMU6_U_145,GMU6,0.962,1348,1.03972,0.013,0.013,0,0
GMU6_U_146,GMU6,0.953,1125,0.93359,0.129,0,0.029,0.403
GMU6_U_147,GMU6,0.94,1625,0.59588,0.156,0.039,0,0.792
GMU6_U_148,GMU6,0.998,1561,1.24246,0.922,0,0.273,1.169
GMU6_U_149,GMU6,0.19,1411,0.67822,0,0,0.462,2
GMU6_U_151,GMU6,0.317,999,0.49558,0.273,0,0.013,1.351
GMU6_U_152,GMU6,1,1533,0.99937,0.195,0,0.065,0.208
GMU6_U_153,GMU6,0.952,1248,1.3084,0.058,0.029,0.044,0.088
GMU6_U_155,GMU6,0.986,1207,0,0,0,0,0.234
GMU6_U_157,GMU6,0.869,1179,1.06279,0.052,0.26,0.013,0.065
GMU6_U_159,GMU6,1,1175,0.48505,0.091,0,0,0.39
GMU6_U_16,GMU6,0.992,1539,0,0,0,0,0
GMU6_U_160,GMU6,0.99,1506,0.95304,0.117,0,0.039,0.494
GMU6_U_161,GMU6,0.975,1291,0.5402,0.078,0,0,0.26
GMU6_U_162,GMU6,0.493,1450,0.88589,0.364,0,0.013,0.39
GMU6_U_164,GMU6,0.206,1494,0.69315,2,0,0,2
GMU6_U_166,GMU6,0.959,1444,0.87772,0.173,0,0.014,0.014
GMU6_U_167,GMU6,0.341,856,0,0,0,0,0
GMU6_U_168,GMU6,0.997,1546,0,0.039,0,0,0
GMU6_U_169,GMU6,0.982,1141,0.62771,0.026,0.013,0,0.156
GMU6_U_17,GMU6,0.358,922,0.69315,0.022,0,0,0.022
GMU6_U_18,GMU6,0.683,1019,0.66156,0.078,0,0,0.13
GMU6_U_19,GMU6,0.969,1375,0.72984,0.104,0.026,0,0.338
GMU6_U_2,GMU6,0.738,919,0.97689,0.065,0.146,0,0.244
GMU6_U_20,GMU6,0.383,1042,0.89212,0.117,0,0.026,0.039
GMU6_U_21,GMU6,0.966,1225,1.22282,0.117,0,0.052,0.299
GMU6_U_22,GMU6,0.567,1009,1.129,0.247,0.052,0.052,0.299
GMU6_U_23,GMU6,0.945,1314,0.51219,0.785,0,0,0.207
GMU6_U_24,GMU6,0.894,958,0.19155,0.065,0,0,1.299
GMU6_U_25,GMU6,0.689,1487,0,0,0,0,0
GMU6_U_26,GMU6,0.886,1650,0.76827,0.383,0,0,0.284
GMU6_U_27,GMU6,0.424,1033,0.52971,0,0.182,0,0.052
GMU6_U_28,GMU6,0.957,1447,0.86412,0.026,0,0.325,0.468
GMU6_U_29,GMU6,0.861,1097,0,0,0,0,0
GMU6_U_3,GMU6,0.894,940,0.68291,0.052,0,0,0
GMU6_U_30,GMU6,0.546,1512,0.95471,0.795,0,0.053,0.066
GMU6_U_31,GMU6,0.936,914,0.65039,0.143,0,0,0.26
GMU6_U_32,GMU6,0.993,1727,0,0,0,0,0
GMU6_U_33,GMU6,0.899,1105,0.87427,0.065,0.105,0,0.013
GMU6_U_34,GMU6,0.263,942,0.7454,0.455,0,0.013,0.571
GMU6_U_35,GMU6,0.198,946,0.27386,0,0,0.078,0.922
GMU6_U_36,GMU6,0.961,1067,1.02809,0.234,0.091,0,0.052
GMU6_U_37,GMU6,1,1736,0,0,0,0,0
GMU6_U_38,GMU6,0.706,1487,1.32691,0.028,0,0.057,0.028
GMU6_U_4,GMU6,0.816,1107,0.61297,0.182,0,0,0.61
GMU6_U_40,GMU6,0.991,918,0.98099,0.065,0,0,0.13
GMU6_U_41,GMU6,0.93,1271,0.59575,0,0.117,0,0.571
GMU6_U_42,GMU6,0.844,1012,0.90215,0.19,0.015,0,0.058
GMU6_U_43,GMU6,0.765,981,0.67876,0.351,0,0,0.494
GMU6_U_44,GMU6,0.995,1124,0.74332,0.026,0.065,0.013,0.351
GMU6_U_45,GMU6,0.723,1214,0.88769,0.091,0,0.013,0.052
GMU6_U_46,GMU6,0.117,902,1.06352,0.078,0,0.091,0.143
GMU6_U_49,GMU6,0.835,910,1.08239,0.144,0.222,0,0.17
GMU6_U_5,GMU6,0.974,1328,0,0,0.131,0,0
GMU6_U_50,GMU6,0.953,1089,0.93477,0.13,0,0.026,0.13
GMU6_U_51,GMU6,0.992,1316,0.23379,0.013,0,0,0.195
GMU6_U_53,GMU6,0.69,1542,1.05968,0.013,0.026,0.065,0.143
GMU6_U_54,GMU6,0.774,1153,1.14328,0.07,0.028,0,0.014
GMU6_U_55,GMU6,0.019,1228,0.56234,0.052,0,0,0.156
GMU6_U_56,GMU6,0.991,1143,0.52971,0.052,0,0,0.182
GMU6_U_57,GMU6,0.97,1393,0,0,0,0,0.065
GMU6_U_58,GMU6,0.991,1199,1.03264,0.129,0.014,0.086,0.014
GMU6_U_59,GMU6,0.7,894,0,0,0,0,0.61
GMU6_U_6,GMU6,0.525,925,0.41454,0.117,0,0,0.688
GMU6_U_60,GMU6,0.982,1696,0.8316,0.571,0,0.052,0.325
GMU6_U_62,GMU6,0.613,672,0,0,0,0,0
GMU6_U_63,GMU6,0.997,995,1.01225,0.052,0.039,0.026,0.221
GMU6_U_65,GMU6,0.967,1085,1.14666,0.131,0.026,0,0.026
GMU6_U_66,GMU6,0.408,913,0.5402,0.039,0,0,0.13
GMU6_U_67,GMU6,0.507,791,0,0,0.701,0,0
GMU6_U_68,GMU6,0.783,911,0.29811,0.013,0,0.078,1.117
GMU6_U_69,GMU6,0.385,1537,0.50791,0.058,0,0,0
GMU6_U_7,GMU6,0.412,869,0,0,0,0,0
GMU6_U_70,GMU6,0.919,1167,1.01891,0.119,0.185,0,0
GMU6_U_71,GMU6,0.198,789,0.92513,0.039,0,0,0.104
GMU6_U_72,GMU6,1,1502,0.8165,0.195,0,0.013,0.156
GMU6_U_73,GMU6,0.594,1128,0,0,0.364,0,0
GMU6_U_74,GMU6,0.847,1242,0.66156,0.078,0,0,0.13
GMU6_U_75,GMU6,0.725,1236,1.03177,0.104,0,0.039,0.013
GMU6_U_76,GMU6,1,1000,0,0,0,0,0.182
GMU6_U_77,GMU6,0.287,1526,0.34392,0.144,0,0,1.18
GMU6_U_78,GMU6,0.326,976,0.57918,0.221,0,0,0.61
GMU6_U_79,GMU6,0.974,1309,0.84684,0.014,0,0.138,0.152
GMU6_U_8,GMU6,0.536,888,0.35564,0.104,0,0,0.805
GMU6_U_80,GMU6,0.956,1690,0.34883,0.013,0,0,0.104
GMU6_U_81,GMU6,0.964,1162,0,0,0.217,0,0
GMU6_U_82,GMU6,0.326,904,0,0,0,0,0.662
GMU6_U_83,GMU6,0.966,1195,0.63651,0.013,0,0,0.026
GMU6_U_84,GMU6,0.632,983,0.98838,0.143,0.143,0,0.481
GMU6_U_85,GMU6,0.848,1624,1.04846,0.26,0,0.571,0.065
GMU6_U_86,GMU6,0.973,1366,1.04473,0.084,0.308,0.014,0.126
GMU6_U_87,GMU6,0.577,1503,0.91024,0.286,0,0.052,0.143
GMU6_U_89,GMU6,0.904,1264,0.63651,0,0,0.013,0.026
GMU6_U_9,GMU6,0.788,1496,0,0,0,0,0
GMU6_U_90,GMU6,0.992,1281,1.08445,0.052,0,0.039,0.182
GMU6_U_92,GMU6,0.404,981,1.08717,0.805,0,0.039,1.831
GMU6_U_93,GMU6,0.322,1343,0.69232,0.268,0,0,0.247
GMU6_U_94,GMU6,0.626,937,0.76965,0.221,0,0.013,0.325
GMU6_U_96,GMU6,0.935,1645,0,0,0,0,0
GMU6_U_97,GMU6,1,1179,0.63101,0.029,0,0,0.014
GMU6_U_99,GMU6,0.491,984,0.54812,0.013,0.013,0,0.247
